INSERT INTO CINEMATIC_UNIVERSE(cinematic_universe_id, cinematic_universe_nm,movie_cnt)
    VALUES (DEFAULT, 'Star Wars', 9)
          ,(DEFAULT, 'Marvel', 17)
          ,(DEFAULT, 'DC', 5)
          ,(DEFAULT, 'Transformers', 5)
          ,(DEFAULT, 'X-MEN', 10)
          ,(DEFAULT, 'The world of middle earth', 6)
          ,(DEFAULT, 'Harry Potter', 8)
          ,(DEFAULT, 'Aliens', 6)
          ,(DEFAULT, 'Indiana Jones', 4)
          ,(DEFAULT, 'Pirates of the Caribbean', 5);

INSERT INTO REWARD(reward_id, community_nm, reward_nm)
  VALUES (DEFAULT, 'Оскар', 'Лучший монтаж')
        ,(DEFAULT, 'Оскар', 'Лучшие визуальные эффекты')
        ,(DEFAULT, 'Оскар', 'Лучший звук')
        ,(DEFAULT, 'Оскар', 'Лучший грим и прически')
        ,(DEFAULT, 'Золотой глобус', 'Лучшая музыка к фильму')
        ,(DEFAULT, 'Хьюго', 'Лучшая постановка')
        ,(DEFAULT, 'Сатурн', 'Лучший фильм-фэнтези');

INSERT INTO MOVIE(movie_id, movie_nm, premier_dt, fees_amt, rating_prt, age_num, cinematic_universe_id)
    VALUES (DEFAULT, 'Индиана Джонс: В поисках утраченного ковчега', '1981-6-12', 389925971, 8.003, 6, 9)
          ,(DEFAULT, 'Властелин колец: Братство кольца', '2001-12-10', 871530324, 8.561, 12, 6)
          ,(DEFAULT, 'Звездные войны. Эпизод IV: Новая надежда', '1977-5-25', 775398007, 8.113, 0, 1)
          ,(DEFAULT, 'Звездные войны. Эпизод V: Империя наносит ответный удар', '1980-05-17', 538375067, 8.132, 0, 1)
          ,(DEFAULT, 'Железный человек', '2008-04-14', 585174222, 7.890, 12, 2)
          ,(DEFAULT, 'Мстители: Эра Альтрона', '2015-4-13', 1405403694, 7.271, 12, 2)
          ,(DEFAULT, 'Стражи Галактики', '2014-7-21', 773312399, 7.744, 12, 2)
          ,(DEFAULT, 'Отряд самоубийц', '2016-8-1', 746846894, 6.105, 16, 3)
          ,(DEFAULT, 'Трансформеры', '2007-6-12', 709709780, 7.551, 12, 4)
          ,(DEFAULT, 'Люди X: Апокалипсис', '2016-5-9', 543934787, 7.011, 12, 5)
          ,(DEFAULT, 'Гарри Поттер и Дары Смерти: Часть I', '2010-11-11', 960283305, 7.839, 12, 7)
          ,(DEFAULT, 'Чужой', '1979-05-25', 104931801, 8.068, 16, 8)
          ,(DEFAULT, 'Пираты Карибского моря: Проклятие Черной жемчужины', '2003-6-28', 654264015, 8.339, 12, 10);

INSERT INTO REWARD_X_MOVIE(reward_id, movie_id, rewarding_dt, presenter_first_nm, presenter_second_nm)
    VALUES (1, 3, '1982-01-01', 'Андрей', 'Райгородский')
          ,(2, 3, '1982-01-01', 'Иван', 'Эрлих')
          ,(3, 3, '1982-01-01', 'Андрей', 'Кудрявцев')
          ,(5, 3, '1982-01-01', 'Александр', 'Халяпов')
          ,(7, 1, '1982-08-09', 'Денис', 'Титов')
          ,(7, 2, '2002-06-09', 'Надежда', 'Меркулова')
          ,(4, 8, '2017-03-04', 'Евгений', 'Баженов')
          ,(6, 13, '2018-5-7', 'Владимир', 'Путин')
          ,(5, 7, '2015-03-04', 'Яникс', 'Юрьевич')
          ,(2, 10, '2011-05-06', 'Владимир', 'Жириновский');

INSERT INTO PARTICIPANT(participant_id, first_nm, second_nm, birth_dt, gender_code, country_nm)
    VALUES (DEFAULT, 'Роберт', 'Дауни', '1965-4-4', 'м', 'США')
          ,(DEFAULT, 'Элайджа', 'Вуд', '1981-1-28', 'м', 'США')
          ,(DEFAULT, 'Харрисон', 'Форд', '1942-7-13', 'м', 'США')
          ,(DEFAULT, 'Кэрри', 'Фишер', '1956-10-21', 'ж', 'США')
          ,(DEFAULT, 'Вин', 'Дизель', '1967-7-18', 'м', 'США')
          ,(DEFAULT, 'Пол', 'Беттани', '1971-5-27', 'м', 'Великобритания')
          ,(DEFAULT, 'Зои', 'Салдана', '1978-6-19', 'ж', 'США')
          ,(DEFAULT, 'Марго', 'Робби', '1990-7-2', 'ж', 'Австралия')
          ,(DEFAULT, 'Шайа', 'Лабаф', '1986-6-11', 'м', 'США')
          ,(DEFAULT, 'Джеймс', 'Макэвой', '1979-4-21', 'м', 'Шотландия')
          ,(DEFAULT, 'Дэниел', 'Рэдклифф', '1989-7-23', 'м', 'Великобритания')
          ,(DEFAULT, 'Сигурни', 'Уивер', '1949-10-8', 'ж', 'США')
          ,(DEFAULT, 'Джонни', 'Депп', '1963-6-9', 'м', 'США')
          ,(DEFAULT, 'Ридли', 'Скотт', '1937-11-30', 'м', 'Великобритания')
          ,(DEFAULT, 'Рональд', 'Шусетт', '1939-1-1', 'м', 'США');

INSERT INTO CHARACTER(character_id, participant_id, first_nm, second_nm, nation_nm)
    VALUES (DEFAULT, 1, 'Тони', 'Старк', 'Человек')
          ,(DEFAULT, 2, 'Фродо', 'Бэггинс', 'Хоббит')
          ,(DEFAULT, 3, 'Генри', 'Джонс', 'Человек')
          ,(DEFAULT, 3, 'Хан', 'Соло', 'Человек')
          ,(DEFAULT, 4, 'Лея', 'Органа', 'Человек')
          ,(DEFAULT, 5, 'Грут', NULL, 'Человек')
          ,(DEFAULT, 6, 'Вижен', NULL, 'Робот')
          ,(DEFAULT, 7, 'Гамора', NULL, 'Зен Хобериска')
          ,(DEFAULT, 8, 'Харли', 'Квинн', 'Человек')
          ,(DEFAULT, 9, 'Сэм', 'Уитвики', 'Человек')
          ,(DEFAULT, 10, 'Чарльз', 'Ксавьер', 'Человек')
          ,(DEFAULT, 11, 'Гарри', 'Поттер', 'Человек')
          ,(DEFAULT, 12, 'Эллен', 'Рипли', 'Человек')
          ,(DEFAULT, 13, 'Джек', 'Воробей', 'Человек');

INSERT INTO CHARACTER_X_MOVIE(character_id, movie_id, position_txt, gender_code, die_flg)
    VALUES (3, 1, 'Археолог, агент спецслужб США', 'м', FALSE )
          ,(4, 3, 'Капитан "Сокола Тысячелетия", генерал альянса повстанцев', 'м', FALSE)
          ,(4, 4, 'Капитан "Сокола Тысячелетия", генерал альянса повстанцев', 'м', FALSE)
          ,(2, 2, 'Хранитель кольца', 'м', FALSE)
          ,(5, 3, 'Принцесса Алдераана, член Имперского сената и лидер Альянса повстанцев', 'ж', FALSE)
          ,(5, 4, 'Высокопоставленная особа в Альянсе', 'ж', FALSE)
          ,(1, 5, 'Желеный человек, гений, плейбой, миллиардер, филантроп', 'м', FALSE)
          ,(1, 6, 'Желеный человек, гений, плейбой, миллиардер, филантроп', 'м', FALSE)
          ,(6, 7, 'Самое милое дерево на свете', 'м', FALSE)
          ,(7, 6, 'Робот-андроид, живущий за счет камня бесконечности', 'м', FALSE)
          ,(8, 7, 'Опытная убийца, приемная дочь Таноса', 'ж', FALSE)
          ,(9, 8, 'Девушка Джокера, безумная красавица, убийца', 'ж', FALSE)
          ,(10, 9, 'Неуверенный в себе ботан с крутой "игрушкой"', 'м', FALSE)
          ,(11, 10, 'Телепат, один из самых сильных мутантов', 'м', FALSE)
          ,(12, 11, 'Мальчик. который выжил. Девственник.', 'м', FALSE)
          ,(13, 12, 'Офицер "КККСШ Ностромо", бедняга', 'ж', FALSE)
          ,(14, 13, 'Слабоумный, но веселый, любимчик судьбы', 'м', FALSE);

INSERT INTO MOVIE_X_PARTICIPANT(movie_id, participant_id, payment_amt, position_txt)
    VALUES (1, 3, 1000000, 'actor')
          ,(2, 2, 700000, 'actor')
          ,(3, 3, 1500000, 'actor')
          ,(3, 4, 1200000, 'actor')
          ,(4, 3, 2000000, 'actor')
          ,(4, 4, 1800000, 'actor')
          ,(5, 1, 10000000, 'actor')
          ,(6, 1, 25000000, 'actor')
          ,(6, 6, 7000000, 'actor')
          ,(7, 5, 10000000, 'actor')
          ,(7, 7, 7000000, 'actor')
          ,(8, 8, 15000000, 'actor')
          ,(9, 9, 4000000, 'actor')
          ,(10, 10, 13000000, 'actor')
          ,(11, 11, 30000000, 'actor')
          ,(12, 12, 1500000, 'actor')
          ,(12, 14, 3500000, 'director')
          ,(12, 15, 300000, 'screenwriter')
          ,(13, 13, 8000000, 'actor');

INSERT INTO CINEMATIC_UNIVERSE(cinematic_universe_id, cinematic_universe_nm,movie_cnt)
    VALUES (DEFAULT, 'Star Wars', 9)
          ,(DEFAULT, 'Marvel', 17)
          ,(DEFAULT, 'DC', 5)
          ,(DEFAULT, 'Transformers', 5)
          ,(DEFAULT, 'X-MEN', 10)
          ,(DEFAULT, 'The world of middle earth', 6)
          ,(DEFAULT, 'Harry Potter', 8)
          ,(DEFAULT, 'Aliens', 6)
          ,(DEFAULT, 'Indiana Jones', 4)
          ,(DEFAULT, 'Pirates of the Caribbean', 5);

INSERT INTO REWARD(reward_id, community_nm, reward_nm)
  VALUES (DEFAULT, 'Оскар', 'Лучший монтаж')
        ,(DEFAULT, 'Оскар', 'Лучшие визуальные эффекты')
        ,(DEFAULT, 'Оскар', 'Лучший звук')
        ,(DEFAULT, 'Оскар', 'Лучший грим и прически')
        ,(DEFAULT, 'Золотой глобус', 'Лучшая музыка к фильму')
        ,(DEFAULT, 'Хьюго', 'Лучшая постановка')
        ,(DEFAULT, 'Сатурн', 'Лучший фильм-фэнтези');

INSERT INTO MOVIE(movie_id, movie_nm, premier_dt, fees_amt, rating_prt, age_num, cinematic_universe_id)
    VALUES (DEFAULT, 'Индиана Джонс: В поисках утраченного ковчега', '1981-6-12', 389925971, 8.003, 6, 9)
          ,(DEFAULT, 'Властелин колец: Братство кольца', '2001-12-10', 871530324, 8.561, 12, 6)
          ,(DEFAULT, 'Звездные войны. Эпизод IV: Новая надежда', '1977-5-25', 775398007, 8.113, 0, 1)
          ,(DEFAULT, 'Звездные войны. Эпизод V: Империя наносит ответный удар', '1980-05-17', 538375067, 8.132, 0, 1)
          ,(DEFAULT, 'Железный человек', '2008-04-14', 585174222, 7.890, 12, 2)
          ,(DEFAULT, 'Мстители: Эра Альтрона', '2015-4-13', 1405403694, 7.271, 12, 2)
          ,(DEFAULT, 'Стражи Галактики', '2014-7-21', 773312399, 7.744, 12, 2)
          ,(DEFAULT, 'Отряд самоубийц', '2016-8-1', 746846894, 6.105, 16, 3)
          ,(DEFAULT, 'Трансформеры', '2007-6-12', 709709780, 7.551, 12, 4)
          ,(DEFAULT, 'Люди X: Апокалипсис', '2016-5-9', 543934787, 7.011, 12, 5)
          ,(DEFAULT, 'Гарри Поттер и Дары Смерти: Часть I', '2010-11-11', 960283305, 7.839, 12, 7)
          ,(DEFAULT, 'Чужой', '1979-05-25', 104931801, 8.068, 16, 8)
          ,(DEFAULT, 'Пираты Карибского моря: Проклятие Черной жемчужины', '2003-6-28', 654264015, 8.339, 12, 10);

INSERT INTO REWARD_X_MOVIE(reward_id, movie_id, rewarding_dt, presenter_first_nm, presenter_second_nm)
    VALUES (1, 3, '1982-01-01', 'Андрей', 'Райгородский')
          ,(2, 3, '1982-01-01', 'Иван', 'Эрлих')
          ,(3, 3, '1982-01-01', 'Андрей', 'Кудрявцев')
          ,(5, 3, '1982-01-01', 'Александр', 'Халяпов')
          ,(7, 1, '1982-08-09', 'Денис', 'Титов')
          ,(7, 2, '2002-06-09', 'Надежда', 'Меркулова')
          ,(4, 8, '2017-03-04', 'Евгений', 'Баженов')
          ,(6, 13, '2018-5-7', 'Владимир', 'Путин')
          ,(5, 7, '2015-03-04', 'Яникс', 'Юрьевич')
          ,(2, 10, '2011-05-06', 'Владимир', 'Жириновский');

INSERT INTO PARTICIPANT(participant_id, first_nm, second_nm, birth_dt, gender_code, country_nm)
    VALUES (DEFAULT, 'Роберт', 'Дауни', '1965-4-4', 'м', 'США')
          ,(DEFAULT, 'Элайджа', 'Вуд', '1981-1-28', 'м', 'США')
          ,(DEFAULT, 'Харрисон', 'Форд', '1942-7-13', 'м', 'США')
          ,(DEFAULT, 'Кэрри', 'Фишер', '1956-10-21', 'ж', 'США')
          ,(DEFAULT, 'Вин', 'Дизель', '1967-7-18', 'м', 'США')
          ,(DEFAULT, 'Пол', 'Беттани', '1971-5-27', 'м', 'Великобритания')
          ,(DEFAULT, 'Зои', 'Салдана', '1978-6-19', 'ж', 'США')
          ,(DEFAULT, 'Марго', 'Робби', '1990-7-2', 'ж', 'Австралия')
          ,(DEFAULT, 'Шайа', 'Лабаф', '1986-6-11', 'м', 'США')
          ,(DEFAULT, 'Джеймс', 'Макэвой', '1979-4-21', 'м', 'Шотландия')
          ,(DEFAULT, 'Дэниел', 'Рэдклифф', '1989-7-23', 'м', 'Великобритания')
          ,(DEFAULT, 'Сигурни', 'Уивер', '1949-10-8', 'ж', 'США')
          ,(DEFAULT, 'Джонни', 'Депп', '1963-6-9', 'м', 'США')
          ,(DEFAULT, 'Ридли', 'Скотт', '1937-11-30', 'м', 'Великобритания')
          ,(DEFAULT, 'Рональд', 'Шусетт', '1939-1-1', 'м', 'США');

INSERT INTO CHARACTER(character_id, participant_id, first_nm, second_nm, nation_nm)
    VALUES (DEFAULT, 1, 'Тони', 'Старк', 'Человек')
          ,(DEFAULT, 2, 'Фродо', 'Бэггинс', 'Хоббит')
          ,(DEFAULT, 3, 'Генри', 'Джонс', 'Человек')
          ,(DEFAULT, 3, 'Хан', 'Соло', 'Человек')
          ,(DEFAULT, 4, 'Лея', 'Органа', 'Человек')
          ,(DEFAULT, 5, 'Грут', NULL, 'Человек')
          ,(DEFAULT, 6, 'Вижен', NULL, 'Робот')
          ,(DEFAULT, 7, 'Гамора', NULL, 'Зен Хобериска')
          ,(DEFAULT, 8, 'Харли', 'Квинн', 'Человек')
          ,(DEFAULT, 9, 'Сэм', 'Уитвики', 'Человек')
          ,(DEFAULT, 10, 'Чарльз', 'Ксавьер', 'Человек')
          ,(DEFAULT, 11, 'Гарри', 'Поттер', 'Человек')
          ,(DEFAULT, 12, 'Эллен', 'Рипли', 'Человек')
          ,(DEFAULT, 13, 'Джек', 'Воробей', 'Человек');

INSERT INTO CHARACTER_X_MOVIE(character_id, movie_id, position_txt, gender_code, die_flg)
    VALUES (3, 1, 'Археолог, агент спецслужб США', 'м', FALSE )
          ,(4, 3, 'Капитан "Сокола Тысячелетия", генерал альянса повстанцев', 'м', FALSE)
          ,(4, 4, 'Капитан "Сокола Тысячелетия", генерал альянса повстанцев', 'м', FALSE)
          ,(2, 2, 'Хранитель кольца', 'м', FALSE)
          ,(5, 3, 'Принцесса Алдераана, член Имперского сената и лидер Альянса повстанцев', 'ж', FALSE)
          ,(5, 4, 'Высокопоставленная особа в Альянсе', 'ж', FALSE)
          ,(1, 5, 'Желеный человек, гений, плейбой, миллиардер, филантроп', 'м', FALSE)
          ,(1, 6, 'Желеный человек, гений, плейбой, миллиардер, филантроп', 'м', FALSE)
          ,(6, 7, 'Самое милое дерево на свете', 'м', FALSE)
          ,(7, 6, 'Робот-андроид, живущий за счет камня бесконечности', 'м', FALSE)
          ,(8, 7, 'Опытная убийца, приемная дочь Таноса', 'ж', FALSE)
          ,(9, 8, 'Девушка Джокера, безумная красавица, убийца', 'ж', FALSE)
          ,(10, 9, 'Неуверенный в себе ботан с крутой "игрушкой"', 'м', FALSE)
          ,(11, 10, 'Телепат, один из самых сильных мутантов', 'м', FALSE)
          ,(12, 11, 'Мальчик. который выжил. Девственник.', 'м', FALSE)
          ,(13, 12, 'Офицер "КККСШ Ностромо", бедняга', 'ж', FALSE)
          ,(14, 13, 'Слабоумный, но веселый, любимчик судьбы', 'м', FALSE);

INSERT INTO MOVIE_X_PARTICIPANT(movie_id, participant_id, payment_amt, position_txt)
    VALUES (1, 3, 1000000, 'actor')
          ,(2, 2, 700000, 'actor')
          ,(3, 3, 1500000, 'actor')
          ,(3, 4, 1200000, 'actor')
          ,(4, 3, 2000000, 'actor')
          ,(4, 4, 1800000, 'actor')
          ,(5, 1, 10000000, 'actor')
          ,(6, 1, 25000000, 'actor')
          ,(6, 6, 7000000, 'actor')
          ,(7, 5, 10000000, 'actor')
          ,(7, 7, 7000000, 'actor')
          ,(8, 8, 15000000, 'actor')
          ,(9, 9, 4000000, 'actor')
          ,(10, 10, 13000000, 'actor')
          ,(11, 11, 30000000, 'actor')
          ,(12, 12, 1500000, 'actor')
          ,(12, 14, 3500000, 'director')
          ,(12, 15, 300000, 'screenwriter')
          ,(13, 13, 8000000, 'actor');

INSERT INTO ORGANIZATION(organization_id, organization_code, organization_nm, foundation_dt, country_nm, city_nm, website_url)
    VALUES (DEFAULT, 'киностудия', 'Marvel Studious', '1993-01-01', 'США', 'Бербанк', 'marvel.com')
          ,(DEFAULT, 'киностудия', 'Warner Brothers Production', '1923-01-01', 'США', 'Бербанк', 'warnerbros.com')
          ,(DEFAULT, 'киностудия', 'Lucasfilm', '1971-01-01', 'США', 'Калифорния', 'lucasfilm.com')
          ,(DEFAULT, 'киностудия', 'The Pinewood Studious Group', '1931-01-01', 'Великобритания', 'Шеппертон', 'pinewoodgroup.com')
          ,(DEFAULT, 'киностудия', 'Paramount pictures', '1912-01-01', 'США', 'Лос-Анджелес', 'paramount.com')
          ,(DEFAULT, 'киностудия', 'Walt Disney Pictures', '1923-01-01', 'США', 'Бербанк', 'waltdisneystudios.com')
          ,(DEFAULT, 'компания', 'Nike', '1964-1-25', 'США', 'Бивертон', 'nike.com')
          ,(DEFAULT, 'компания', 'АвтоВАЗ', '1966-7-20', 'Россия', 'Тольятти', 'lada.ru')
          ,(DEFAULT, 'компания', 'SABMiller', '2002-01-01', 'Великобритания', 'Лондон', 'sabmiller.com');

INSERT INTO CINEM_UNIVERSE_X_ORGANIZATION(cinematic_universe_id, organization_id, beginning_dt)
    VALUES (1, 3, '2008-01-01')
          ,(2, 1, '1980-04-05')
          ,(3, 2, '1985-10-3')
          ,(4, 5, '2005-11-7')
          ,(5, 1, '1980-4-5')
          ,(6, 4, '1996-2-14')
          ,(7, 6, '2000-7-23')
          ,(8, 4, '1977-10-20')
          ,(9, 5, '1984-9-11')
          ,(10, 6, '2000-4-7');


DELETE FROM character_x_movie WHERE die_flg = FALSE;

DROP TABLE participant

DELETE FROM character_x_movie WHERE die_flg = FALSE;

DROP TABLE participant